,gene,start,finish
0,fdoH,CATTATGGTATTCTGTTACAAACCCTTCCT,ACGTGACAATGTCGAAACAAGGAGCAATCC
1,sdaB,TACATATATTGCGCGCCCCGGAAGAAGTCA,TTTGAGATCAAGATCACTGATAGATACATA
2,thiM,TCTGGATGTCGTTCTGAAGGTGCTGGATTC,GCAACCAAACGACTCGGGGTGCCCTTCTGC
3,yedJ,TTTTTCCTGTATTCACTGCCGTTGCGCAAA,GGGTTATCTCAAAATGGAATACGGTTCGAC
4,ykgE,TCGATTTCCCCATAAAATGTGAGCGATGCC,CGCCATATTTATTGATGATTGATCCCCCGG
5,sdiA,GCATAACTCATTAATAACATAAGAGAATGC,CAGGGGCGTTGCGGTTTACTATGCAGGATA
6,yqhC,GTGTGCAGATTAAAGTTGTTCATTACTTGC,CTTGCCTATTTCTCCAGAGTGCTGGAGAAA
7,yicI,CCGAATTTATATATTAATTATAGTAAGGCA,CAGTTTTTTTCGCCAGCGGTTAAAGAAATA
8,ybjT,AAACTCGAACAGGCCAAAGGTTTCAGCCTG,AAGGACATGCCATGATTGATTTACGCAGTG
9,mtgA,TATGATGAGTTACAAGGGCACAGCACTGTT,GTTTCAGTCAATTGCGAAAGGATGATCACA
10,aphA,ATACAAAAAAAGACAGGAACGTATTTACTG,TCACAATAAAAAGTTTCAACATACTGACTA
11,bdcR,ACGTACGATAGCGGCACCGATACCACGACT,ACAGGTTTTGTAATGGTCACTAAAAAACAA
12,yncD,GCGTACTGAATGATGAAACAACAAGCAATG,TTCGCTAAGCGTAATCATCGTTACGCTCTT
13,rumB,CGGCGCGGTCGGAATTGTCGGATTTATCGC,GCCGCGCATGTCGCGGCATTGTTTTCATGG
14,yagH,TTAATTTAAACAATTAGTTGAGATATATCG,TCGGCACACTACATAAGGGTGTAATTCTGA
15,eco,TCACATTTCAAATGGTTATAAATATATTTA,ATTCATAAAGCAAATTAATAAATCTGATGA
16,yfhG,TGCGCGAGGGCACTGAATTACTGGCTGACC,CAACCGTAAACAGGCGGACAGTGCGGTGGA
17,htrB,GTTGTGTAACACTGGCATGGTGTACGGTTC,TTATTTACAAGCGCGGCAATTTCGCCCAGT
18,iap,AACGGAATAACGATTTGGCAAAGCTAATAT,GGTATTTAAGGACTCACTATGTTTTCCGCA
19,ygjP,TAGCGGGTTAACGTCATCCGTCGCCGGAAA,TACCCTTTTTCTCTTTTTCGTGGGCGGTTA
20,yedK,CTGGATATTCAGCAAGACGGGCCGACCATT,TCTTTTCAGTATGATCTCAGGAGGTTTCTA
21,holC,ACCTACACAGCACTGAACTCGTAGGCCTGA,TTCTGGACAATGACACCACCGTCGATGGCT
22,aegA,ACGCAATTTAGTCAGTGATGGGATTATTTG,AGGTTTTTACAACCAAAAAAGAAGGTCGTT
23,rapA,GATAATTTTGCTACACTTATGACCGGGCAA,ACCTGAATAACACCACTACCTCATAAGCAC
24,dusC,CAGCGAACTCAGGCATACATCAAGCATAGA,TGTGTTACTGGCACCGATGGAGGGAGTGCT
25,fdhE,CGTGATTATCTGGCGTCCTTATTTTGCGCC,TGGGTGAAAGGCACGATTACCGCCATGGTG
26,dnaE_start1,GGTGTGCCTGGCGTACGTCCGGTGGTTGGC,GTTTGCAGTTGGTCGATAAAATTGGCGATG
27,dnaE_start2,GTGAACTTAGGGATAATTAACCTGTTTCCG,GCTCGATTCTGCTGGTGCTGTTAATGGGGC
28,ycgB,TATCCAGCATAAAATTCCGTTCAGAAGCGG,GAGAGCGCCGACAACAATGAGGTGCGCGTA
29,yehS,CAGGAGATTCGTCTGGAAGATAACGGCCAG,CTTTTTGCCTCATCAACACCTGAAGGCCTC
30,yeiQ,TCCTGAACACCTTACGCCCTCAATTTTCAC,TAAGACGTGACTCCTATGAATACAATCGCC
31,ydhO,CTCTGATGCCGGCAAACTGGCGTATTTATA,ATCATCAAGTTTTGTAAATCAGACGCAGGC
32,hslU,GTGAAAGGCAAAGAGAACGCAGACAGCACC,CGTACTTTTGTACGGGGTTTGTACTCTGTA
33,ymgG,ATTGCGTTAACAGTCAATGACACTTCTTGA,TATCTGAATAATAGCGAGCGTTCTTTAGTT
34,rlmA,AATACGCTTCAATCTCGCTATAAAGCCTCG,CCGGAGTTGTCATGTCTTTTTCCTGTCCAC
35,modE,TATAGTCATGAGACTATTCTAACCGCTAAG,CTTCTCACCCTTAAGCTCCAACAAAAATTA
36,ycbZ,CAGCTTTTTAGGCCAGTGAAGAAAAGAATC,CTAAAAAACATCAACTTTGACCATTACGAA
37,yajL,AAGGGCATCATACTTCAGCAGAAGATTTGC,TGGTTTTCTCTTACGCCGCGCCCGCGCGCA
38,yecE,ACCGTAAGAGCCTGGCCCGCGCTGGAACGC,CCATCGGCTAATCGCATTAAGGTGTGAGGC
39,ybiP,GAACGGCGGCTCGCTCTATCTTCTTGCAGC,TACGATAGTGGCATATGAATTTAACCCTCA
40,ybjL,ACACATTTTTCGCCAGTGTGGCGTTCAGTA,ACTATCGTTTAGGTGCGCTGAATGAATCTG
41,ygdH,GATTTTGTCCCATCGACCACAAGACTGGTT,CGTCCCATAAGGAGTTTTTCTTGATTACAC
42,pcm,CGGTAGCAACTTGCAGGGGGCGCAGCGCTG,AAAAAAGCAGACGTTAATCAAGTTGTTGAC
43,rcsF,CGGCGGAGCTGTTAAAGGCTGGTAATTTTT,TGAGGAAATACTATGCGTGCTTTACCGATC
44,sbcB,AAAGTGCAAGAAAATGTGACTACCCTCTCA,GGATTTAACCTAATGATGAATGACGGTAAG
45,ygeR,AATATTTTGCTGATGATACTTCCCTTTGCC,CGAGGAAAGATTTTGAGTGCGGGACGCCTG
46,mscK,CACGCTTCGTAATCCTGCCACTAACGAATA,TCTTCAGGTTCAGAAACCTTCATTCATCAT
47,mscS,TGATATCTGTCTGAGCCCCGCTCTGCGGGG,GCGGCGGAGTGTATTTCTCCATTTTGAGTC
48,ynaI,AGATGACAAACATGATCTCATATCAGGGAC,CATGACGACAATTATCTGGAGGAGCCTGAT
49,ybdG,CGCAAAACATCACCTTAACCGAAGTGTAAT,GACGTTATGCAGGATTTAATATCCCAGGTT
50,hicB,GTTTCTTGAGGTTATTATTCAGTTTTGCAA,TAAACACTAATGTTTACTTTGTTGATATAC
51,arcB,AGGGATCGGCGCTGGGACGTCCGTGGCTAC,AATTCCCTAATGAAGCAAATTCGTCTGCTG
52,minC,ACAAGGGTATTTTTTAAGCTATGAATCAGC,ATCGCGCGCTGGCGATGATTAATAGCTAAT
53,ybeZ,ATTGCCCGTACCCGCAAAGAAAACGACCTT,TTCCTGTGGCGTGAATAATTTCCTTATAGG
54,ydjA,ACACCTGTCACAGGCGCAATAGATGTGGTT,GTTAATCAAATGGATGCACTCGAACTATTG
55,yggW,CCGGTTGACGGCCAGGCCAACAGTCATCTG,AACAAATCCCGCCAGAAATCGCGGCGTTAA
56,acuI,TCCTTGTGTTAACTCCGATAGTGAGGAAGC,ATCATGCACATGAGGACCACTTATGCAGGC
57,yehU,GTGCATCTATAGGGTGATTTTATTTTTGCC,TGTGGTTTGCGGGTATGTACGATTTTAATC
58,yehT,GGGATGAATCTGGTGGATAAGCGTTTACGT,AGTCTTAATTGTCGATGATGAACCGTTAGC
59,ybiO,CGGCTGATCTTTATCGACAAAGGCCGGATT,CGCTACGCTTATCAGGCCTACAGGATATCT
60,mscL,TCTTGTAATTAATAAGGCGTCTAATGACGC,GAATAACATGAGCATTATTAAAGAATTTCG
61,zapB,CATTTTCGATTGATGTGGATTATGTCACCA,TATTTATTAAGGCGTCACCGGTAATCGGGA
62,WaaA-coaD,AAAAATACAAAAAAAATGAAGATGTAGCGG,TATTTACTATGCTCGAATTGCTTTACACCG
63,coaA,TAAACCATAATTCTTTTTATCAGATGGAAT,AGAACTGTGACGCGCCATGGCAAATATCGC
64,yjjJ,ATTGTGTTTCGCTGCAAGGCGATTGCCTTG,AATCTATTCAAGTATCTATTCACGAATCTA
65,groSL,AAATTGCGATGAAATGTGAGGTGAATCAGG,CGTAAGCTCCGGCGTCACCCATAACAGATA
66,pyrLBI,AATCACATCAAATAAAAATGCATATACCTT,GATGTATGGTTCAGTGTGTTCGACATTTTG
67,rplKAJL-rpoBC,TCGTGCGACCCCGGTAGAGCTGGACTTCAG,GGCCTTGCCCGTAAAACGATTTTTTATATC
68,yodB,AATAACGGATTCCATACACAATACGGCCAA,AAGGAATTTTTAAGGTTCGTGGGATAGCTT
69,atpIBEFHAGDC,GAACAGGGTTAGCAGAAAAGTCGCAATTGT,ACTCTAAGCCTTAAAGAAAGTTTTATACGA
70,msyB,TATTCAACGCAGTCTATTCATGGAACAGTC,TCAAAGGGAGAATCGTGATGACCATGTACG
71,ndk,ATTTGTCATGCAATAGTCTGTTTTGTCCCT,ACAGACAACAACAGAACAATTTACAGAGGT
72,thrLABC,CTCTGTGTGGATTAAAAAAAGAGTGTCTGA,TAAAAATTACAGAGTACACAACATCCATGA
73,tig,TTTGCGCTTTTTGCCCAGCATTCAGACGAA,TTCGGGATGATTCTGGTAACAGGGAATGTG
74,tff-rpsB-tsf,ATTTCGCCAAACGTGCCACTGAAGGTTTTC,TTCGTATACACAGACTGGACGGAAGCGACA
75,maoP,AGTTTTTAACAATTCCGTATCCACAGTGCT,GGAGCGTGCAGGATGGCGGAAAGCTTTACG
76,poxB,TCTCGCATAATCGCCTTATGCCCGATGATA,AGATGGAGAACCATGAAACAAACGGTTGCA
77,rspA,GACAAAAGGTATTCTATTTCATCTTTTGTC,CATCACGACAAGCGATGCAAGGAATCGAAC
78,mscM,GCTCGGCTGTATCACTTCCCGCACGGCGGT,TGTGTAAATATCGCGATTGCAAACACGATA
79,arcA,AAACTGTTAACGTGCTACAATTGAACTTGA,GGGTCCTGAGGGAAAGTACCCACGACCAAG
80,tar,CCCGATTTCCTCAATTGAAATGAACCCGAT,AAGGTGCCTTATGATTAACCGTATCCGCGT
81,dpiBA,TATTTAATGATTTTAAGTTTTTTAATTAAT,TTAATTACATCCGTCAAAGAGGCTCGGGAC
82,araAB,GTCCACATTGATTATTTGCACGGCGTCACA,TGGAGTGAAACGATGGCGATTGCAATTGGC
83,araC,ATCTTATGGATAAAAATGCTATGGCATAGC,CAGAATGCTTTTAATAAGCGGGGTTACCGG
84,xylF,AATTGCGCAACAAAAGTAAGATCTCGGTCA,TTGTTACTTATTAAAACTGTCCTCTAACTA
85,xylA,CCCAGTTTCATCATTCCATTTTATTTTGCG,CGGCATTACCTGATTATGGAGTTCAATATG
86,dicA,CGAAATACAAAAGAGCGTCAGTTTTAAGCA,TAACTATCGGCGAACGCATCAGGTATCGTC
87,dicC,TGAGGTTTTTCCGACGATACCTGATGCGTT,AGGTGTTTTAAATGCTTAAAACTGACGCTC
88,dicB,GAACAGTTAAAACCAAAAACAGTGTTATGG,AAACGTTATTACCAAACGTTAATACGTCTG
89,ompR,GGCGTTTTCATCTCGTTGATTCCCTTTGTC,TTGTAACAATTTAGGCTGAAATTCATACCA
90,xapAB,AGTTTTTACCGTGGATTAATAGAGAAAAGA,ACAGAAAAAGGATATGTATGTCTCAGGTTC
91,ilvC,GTTTTCAGATCGCGTAAATCCACAGGGACA,GCGAACCGAACAATAAGAAGCACAACATCA
92,asnA,ATGCGGATTGATGATTCATTCTATTTTAGC,AGTATAAAAAATGAAAACCGCTTACATTGC
93,idnK,CGTCAGAAAATTGTTACATTACTATGTTAC,GAGATTTTAAATGGCGGGTGAAAGCTTTAT
94,dinJ,TAATAAACCATTATTATAAAATTAACATAT,CACAGGAGATACCCCAATGGCTGCTAACGC
95,yjiY,TCACTTAAACGACGCCTTTGCCGCTCAACC,TTACCTCCTCAAACGCAACGCAAACCTAGA
96,motAB-cheAW,ATTTTATTACCCACGCTCACCAGCCTGTTG,ACAGAGAGTACAGGCTGTTTAACTGATACG
97,ftsK,ACACGGACATACGTTGTTATGGAAGAAGTC,CTGGGGTAACCTGGTACTGTTGTCCGTTTT
98,cra,TCTCAATGCGCAATTTACAGCCCAACATGT,AGTACAATGGCTATGGTTTTTACATTTTAC
99,uvrD,CTTGTTGGATCAGACCGGAAAATGGCGATC,AGCTTTTTGGCGGAGGGCGTTGCGCTTCTC
100,adiY,AACAAAAATGTCATACTTTTTGCGCGGCCC,ATGCATGTTTATATTCATCATACAATTATA
101,znuCB,GTGTTGCACCTCCCCAGAGAGCGGCGGATA,ACTAAAATTAACATGACAAGTCTGGTTTCC
102,znuA,TTGGCCCAAGTAAAGTCAAAATTTTTCCAG,GCAGTAGTCATGAAATGTTATAATATCACA
103,zupT,TGCCAGCTGCGGGTATACAAATTATCTTCC,AATACGCTTGTTCGGCGGAGTAAGAACCCG
104,pitA,TGCCTGAATTATATAAGATAATTATTTTTT,TGGCGTAACGTCCTATGCTACATTTGTTTG
105,ecnB,GAAGACATCAAACATCTCGGCAACTCCATC,AAATAACATTACCTAAAAGGAAGACGTTAT
106,leuABCD,ACTTTAACCACCGCAGCACAATTAGCTAAT,GGAGCTGATTTAATGACTCACATCGTTCGC